hap_input_score,rouge2,faithfulness,pii_entities,average_precision,scoring_id,hit_rate,computed_on,scoring_timestamp,rougelsum,answer_relevance,faithfulness_attributions,context_relevances,hap_score,reciprocal_rank,coverage,pii_input_entities,ndcg,pii,hap_input_score_entities,retrieval_precision,hap_score_positions,bleu,run_id,context_relevance,density,pii_input_positions,pii_positions,rougel,abstractness,answer_similarity,exact_match,unsuccessful_requests,hap_score_entities,pii_input,hap_input_score_positions,rouge1
0.0008006995194591582,,0.6,[],0.0,81dce7c4226d5bf6ede3f159d21d3fe7-1,0.0,payload_logging,2025-01-31T18:38:42.770Z,,1.0,"{'faithfulness': 0.6, 'faithfulness_attributions': []}","{'context_columns': ['passage_1', 'passage_2', 'user_role'], 'context_relevances': [0.6, 0.6, 0.2]}",0.00029581124545075,0.0,0.4497,['Credential.Username'],1.0,0.0,,0.0,,,9ebd13e1-8902-42d4-ab59-8d767d4a3af5,0.6,0.0227,,,,0.3667,,,0.0,,0.8,,
0.0008006995194591582,,0.4,[],0.0,2687645672e49f866e07ccac9e8e52a8-1,0.0,payload_logging,2025-01-31T18:34:23.209Z,,1.0,"{'faithfulness': 0.4, 'faithfulness_attributions': []}","{'context_columns': ['passage_1', 'passage_2', 'user_role'], 'context_relevances': [0.6, 0.6, 0.2]}",0.0007747993804514408,0.0,0.472,['Credential.Username'],1.0,0.0,,0.0,,,9ebd13e1-8902-42d4-ab59-8d767d4a3af5,0.6,0.0364,,,,0.4769,,,0.0,,0.8,,
0.0008006995194591582,,0.4,[],0.0,13bde1c18f5d8bc8060d13db3c0a92a8-1,0.0,payload_logging,2025-01-31T18:32:22.324Z,,0.6,"{'faithfulness': 0.4, 'faithfulness_attributions': []}","{'context_columns': ['passage_1', 'passage_2', 'user_role'], 'context_relevances': [0.0, 0.6, 0.2]}",0.0014532003551721573,0.0,0.4022,['Credential.Username'],0.6885,0.0,,0.0,,,9ebd13e1-8902-42d4-ab59-8d767d4a3af5,0.6,0.0041,,,,0.7176,,,0.0,,0.8,,
0.0008006995194591582,,0.8,[],0.0,606173cdb795f7b85ad0287654fb8477-1,0.0,payload_logging,2025-01-31T18:29:06.696Z,,1.0,"{'faithfulness': 0.8, 'faithfulness_attributions': []}","{'context_columns': ['passage_1', 'passage_2', 'user_role'], 'context_relevances': [0.6, 0.6, 0.2]}",0.0007026075036264956,0.0,0.3106,['Credential.Username'],1.0,0.0,,0.0,,,9ebd13e1-8902-42d4-ab59-8d767d4a3af5,0.6,0.0109,,,,0.5849,,,0.0,,0.8,,
0.0008006995194591582,,0.8,[],1.0,cd07ba5f0ea5e976985568bccfbe2c16-1,1.0,payload_logging,2025-01-31T18:21:14.900Z,,1.0,"{'faithfulness': 0.8, 'faithfulness_attributions': []}","{'context_columns': ['passage_1', 'passage_2', 'user_role'], 'context_relevances': [1.0, 0.6, 0.2]}",0.00036457617534324527,1.0,0.5621,['Credential.Username'],1.0,0.0,,0.3333,,,9ebd13e1-8902-42d4-ab59-8d767d4a3af5,1.0,0.034,,,,0.225,,,0.0,,0.8,,
0.0008006995194591582,,0.8,[],0.0,c778500fedb2a0a2803706a3c34d42ba-1,0.0,payload_logging,2025-01-31T18:12:10.696Z,,1.0,"{'faithfulness': 0.8, 'faithfulness_attributions': []}","{'context_columns': ['passage_1', 'passage_2', 'user_role'], 'context_relevances': [0.6, 0.6, 0.2]}",0.00031016484717838466,0.0,0.5526,['Credential.Username'],1.0,0.0,,0.0,,,237c2835-5695-4f11-b07a-3c61663d859d,0.6,0.129,,,,0.3519,,,0.0,,0.8,,
0.0008006995194591582,,0.2,['PhoneNumber'],1.0,724d27fbe88b0ff6f0b7cbc00e77ab91-1,1.0,payload_logging,2025-01-31T18:10:21.108Z,,0.4,"{'faithfulness': 0.2, 'faithfulness_attributions': []}","{'context_columns': ['passage_1', 'passage_2', 'user_role'], 'context_relevances': [1.0, 1.0, 0.2]}",0.004933991935104132,1.0,0.6,"['Credential.Username', 'PhoneNumber', 'PhoneNumber']",1.0,0.8,,0.6667,,,237c2835-5695-4f11-b07a-3c61663d859d,1.0,0.0211,,,,0.4235,,,0.0,,0.8,,
0.0008006995194591582,,0.8,['PhoneNumber'],1.0,2cf91133ba8ca87a06a9db6dead6b7cd-1,1.0,payload_logging,2025-01-31T18:08:57.960Z,,0.6,"{'faithfulness': 0.8, 'faithfulness_attributions': []}","{'context_columns': ['passage_1', 'passage_2', 'user_role'], 'context_relevances': [1.0, 0.6, 0.2]}",0.0006947008660063148,1.0,0.6645,"['Credential.Username', 'PhoneNumber', 'PhoneNumber']",1.0,0.8,,0.3333,,,237c2835-5695-4f11-b07a-3c61663d859d,1.0,0.0367,,,,0.3909,,,0.0,,0.8,,
0.0008006995194591582,,0.6,[],0.0,1b8cfcc004d2a48353bd4d6b6c309c7c-1,0.0,payload_logging,2025-01-31T18:06:18.217Z,,0.6,"{'faithfulness': 0.6, 'faithfulness_attributions': []}","{'context_columns': ['passage_1', 'passage_2', 'user_role'], 'context_relevances': [0.6, 0.6, 0.2]}",0.0004843920178245753,0.0,0.3963,['Credential.Username'],1.0,0.0,,0.0,,,237c2835-5695-4f11-b07a-3c61663d859d,0.6,0.0078,,,,0.5897,,,0.0,,0.8,,
0.0008006995194591582,,0.8,[],0.0,5e23907afb36445362c0a834bcd198e9-1,0.0,payload_logging,2025-01-31T18:05:50.543Z,,0.8,"{'faithfulness': 0.8, 'faithfulness_attributions': []}","{'context_columns': ['passage_1', 'passage_2', 'user_role'], 'context_relevances': [0.6, 0.6, 0.4]}",0.0005895966896787286,0.0,0.4878,['Credential.Username'],1.0,0.0,,0.0,,,237c2835-5695-4f11-b07a-3c61663d859d,0.6,0.0042,,,,0.5753,,,0.0,,0.8,,
0.0008006995194591582,,0.0,[],0.0,a1f9784696bd746044ae1dc5c7c8a3ae-1,0.0,payload_logging,2025-01-31T18:01:39.727Z,,0.6,"{'faithfulness': 0.0, 'faithfulness_attributions': []}","{'context_columns': ['passage_1', 'passage_2', 'user_role'], 'context_relevances': [0.2, 0.2, 0.2]}",0.00031540353666059673,0.0,0.1958,['Credential.Username'],1.0,0.0,,0.0,,,237c2835-5695-4f11-b07a-3c61663d859d,0.2,0.0031,,,,0.7286,,,0.0,,0.8,,
0.0008006995194591582,,0.2,[],0.0,842628695883fbd33499daf4ea9cc31d-1,0.0,payload_logging,2025-01-31T18:00:16.367Z,,0.6,"{'faithfulness': 0.2, 'faithfulness_attributions': []}","{'context_columns': ['passage_1', 'passage_2', 'user_role'], 'context_relevances': [0.2, 0.2, 0.2]}",0.0003857715055346489,0.0,0.1678,['Credential.Username'],1.0,0.0,,0.0,,,237c2835-5695-4f11-b07a-3c61663d859d,0.2,0.0049,,,,0.7258,,,0.0,,0.8,,
0.0008006995194591582,,0.0,[],1.0,46381e1633db2aa6621dd53a11934367-1,1.0,payload_logging,2025-01-31T17:55:48.722Z,,1.0,"{'faithfulness': 0.0, 'faithfulness_attributions': []}","{'context_columns': ['passage_1', 'passage_2', 'user_role'], 'context_relevances': [1.0, 1.0, 0.2]}",0.0010710055939853191,1.0,0.3563,['Credential.Username'],1.0,0.0,,0.6667,,,237c2835-5695-4f11-b07a-3c61663d859d,1.0,0.0099,,,,0.6296,,,0.0,,0.8,,
0.0008006995194591582,,0.0,[],0.0,f61c5377b137e881fff1c40bce8b805d-1,0.0,payload_logging,2025-01-31T17:55:19.655Z,,1.0,"{'faithfulness': 0.0, 'faithfulness_attributions': []}","{'context_columns': ['passage_1', 'passage_2', 'user_role'], 'context_relevances': [0.6, 0.6, 0.2]}",0.0009463938185945153,0.0,0.4417,"['Credential.Username', 'PhoneNumber']",1.0,0.0,,0.0,,,237c2835-5695-4f11-b07a-3c61663d859d,0.6,0.0103,,,,0.3882,,,0.0,,0.8,,
0.0008006995194591582,,0.2,[],0.0,c2a8b529518fefa0285391f19929d751-1,0.0,payload_logging,2025-01-31T14:36:42.037Z,,0.6,"{'faithfulness': 0.2, 'faithfulness_attributions': []}","{'context_columns': ['passage_1', 'passage_2', 'user_role'], 'context_relevances': [0.0, 0.2, 0.2]}",0.00029753916896879673,0.0,0.1839,['Credential.Username'],0.8066,0.0,,0.0,,,237c2835-5695-4f11-b07a-3c61663d859d,0.2,0.0083,,,,0.6667,,,0.0,,0.8,,
0.0008006995194591582,,0.8,[],0.5,5bae344f535d3a1a0e2386696a66561f-1,1.0,payload_logging,2025-01-31T14:20:37.361Z,,1.0,"{'faithfulness': 0.8, 'faithfulness_attributions': []}","{'context_columns': ['passage_1', 'passage_2', 'user_role'], 'context_relevances': [0.6, 0.8, 0.4]}",0.0003244290710426867,0.5,0.4037,['Credential.Username'],0.9465,0.0,,0.3333,,,237c2835-5695-4f11-b07a-3c61663d859d,0.8,0.1806,,,,0.1351,,,0.0,,0.8,,
0.0008006995194591582,,0.8,[],0.0,d00db80dbec5e7efb6c29fa99297babd-1,0.0,payload_logging,2025-01-31T14:19:53.901Z,,1.0,"{'faithfulness': 0.8, 'faithfulness_attributions': []}","{'context_columns': ['passage_1', 'passage_2', 'user_role'], 'context_relevances': [0.6, 0.6, 0.2]}",0.00033126724883913994,0.0,0.3043,['Credential.Username'],1.0,0.0,,0.0,,,4f31a262-4f74-4094-a940-2913763c2d57,0.6,0.0933,,,,0.4359,,,0.0,,0.8,,
0.0008006995194591582,,0.8,[],0.0,fbea26cb10ed8c7b75217b4af4abd347-1,0.0,payload_logging,2025-01-31T14:19:26.040Z,,1.0,"{'faithfulness': 0.8, 'faithfulness_attributions': []}","{'context_columns': ['passage_1', 'passage_2', 'user_role'], 'context_relevances': [0.6, 0.6, 0.2]}",0.0003661857626866549,0.0,0.4783,['Credential.Username'],1.0,0.0,,0.0,,,4f31a262-4f74-4094-a940-2913763c2d57,0.6,0.008,,,,0.5743,,,0.0,,0.8,,
0.0008006995194591582,,0.0,[],0.0,2c43c25c15b4ac01b55ab87c582551e6-1,0.0,payload_logging,2025-01-31T14:18:13.193Z,,1.0,"{'faithfulness': 0.0, 'faithfulness_attributions': []}","{'context_columns': ['passage_1', 'passage_2', 'user_role'], 'context_relevances': [0.6, 0.6, 0.2]}",0.0012297771172598004,0.0,0.1925,['Credential.Username'],1.0,0.0,,0.0,,,4f31a262-4f74-4094-a940-2913763c2d57,0.6,0.0194,,,,0.5625,,,0.0,,0.8,,
0.0008006995194591582,,0.8,[],0.0,c7b0e7aa5faf00fc9b2a10a7d004037d-1,0.0,payload_logging,2025-01-31T14:16:52.637Z,,1.0,"{'faithfulness': 0.8, 'faithfulness_attributions': []}","{'context_columns': ['passage_1', 'passage_2', 'user_role'], 'context_relevances': [0.6, 0.6, 0.2]}",0.00033543643075972795,0.0,0.3292,['Credential.Username'],1.0,0.0,,0.0,,,4f31a262-4f74-4094-a940-2913763c2d57,0.6,0.011,,,,0.4615,,,0.0,,0.8,,
0.0008006995194591582,,0.8,[],0.0,f5b32caa1f0fea78f48518e76b3064d5-1,0.0,payload_logging,2025-01-31T14:13:16.655Z,,1.0,"{'faithfulness': 0.8, 'faithfulness_attributions': []}","{'context_columns': ['passage_1', 'passage_2', 'user_role'], 'context_relevances': [0.6, 0.6, 0.2]}",0.00022967701079323888,0.0,0.4596,['Credential.Username'],1.0,0.0,,0.0,,,4f31a262-4f74-4094-a940-2913763c2d57,0.6,0.0265,,,,0.3385,,,0.0,,0.8,,
0.0008006995194591582,,0.4,[],0.0,873c37d5bd24718719220f1768373436-1,0.0,payload_logging,2025-01-31T14:02:42.460Z,,0.6,"{'faithfulness': 0.4, 'faithfulness_attributions': []}","{'context_columns': ['passage_1', 'passage_2', 'user_role'], 'context_relevances': [0.0, 0.6, 0.2]}",0.0014532003551721573,0.0,0.4022,['Credential.Username'],0.6885,0.0,,0.0,,,4f31a262-4f74-4094-a940-2913763c2d57,0.6,0.0041,,,,0.7176,,,0.0,,0.8,,
0.0008006995194591582,,0.2,[],0.0,2c675377fc03f625aac4b8aa6c76f307-1,0.0,payload_logging,2025-01-30T22:34:04.051Z,,0.2,"{'faithfulness': 0.2, 'faithfulness_attributions': []}","{'context_columns': ['passage_1', 'passage_2', 'user_role'], 'context_relevances': [0.2, 0.2, 0.2]}",0.0004630996845662594,0.0,0.3706,['Credential.Username'],1.0,0.0,,0.0,,,062d69ca-fa3f-48a8-ae93-ad3db9735ed3,0.2,0.0066,,,,0.589,,,0.0,,0.8,,
0.0008006995194591582,,0.8,[],0.0,fb832a8973ab1f0737a06e12cb1f2d93-1,0.0,payload_logging,2025-01-30T22:32:04.729Z,,1.0,"{'faithfulness': 0.8, 'faithfulness_attributions': []}","{'context_columns': ['passage_1', 'passage_2', 'user_role'], 'context_relevances': [0.2, 0.6, 0.2]}",0.00028953354922123253,0.0,0.2919,['Credential.Username'],0.7896,0.0,,0.0,,,062d69ca-fa3f-48a8-ae93-ad3db9735ed3,0.6,0.0127,,,,0.5484,,,0.0,,0.8,,
0.0008006995194591582,,0.2,[],0.0,bc53ad72456c0461532a2d20c959dbce-1,0.0,payload_logging,2025-01-30T22:31:20.764Z,,0.8,"{'faithfulness': 0.2, 'faithfulness_attributions': []}","{'context_columns': ['passage_1', 'passage_2', 'user_role'], 'context_relevances': [0.6, 0.4, 0.2]}",0.000320393533911556,0.0,0.2981,['Credential.Username'],1.0,0.0,,0.0,,,062d69ca-fa3f-48a8-ae93-ad3db9735ed3,0.6,0.0074,,,,0.5692,,,0.0,,0.8,,
0.0008006995194591582,,1.0,[],0.0,b4e0fe12d703d2ed851b7d96590816f7-1,0.0,payload_logging,2025-01-30T15:25:47.424Z,,1.0,"{'faithfulness': 1.0, 'faithfulness_attributions': []}","{'context_columns': ['passage_1', 'passage_2', 'user_role'], 'context_relevances': [0.2, 0.6, 0.6]}",0.0002545159950386733,0.0,0.5833,"['Credential.Username', 'Net.EmailAddress']",0.883,0.0,,0.0,,,062d69ca-fa3f-48a8-ae93-ad3db9735ed3,0.6,0.1131,,,,0.2857,,,0.0,,0.8,,
0.0008006995194591582,,0.8,[],0.0,74e3d03daeee0fcd507ae783e1615698-1,0.0,payload_logging,2025-01-30T15:25:04.198Z,,1.0,"{'faithfulness': 0.8, 'faithfulness_attributions': []}","{'context_columns': ['passage_1', 'passage_2', 'user_role'], 'context_relevances': [0.6, 0.0, 0.2]}",0.0004207761085126549,0.0,0.6,['Credential.Username'],0.9639,0.0,,0.0,,,062d69ca-fa3f-48a8-ae93-ad3db9735ed3,0.6,0.0099,,,,0.4516,,,0.0,,0.8,,
0.0008006995194591582,,1.0,[],1.0,ccd02958439e7eeaef73e51a5b6733c0-1,1.0,payload_logging,2025-01-30T14:59:40.143Z,,1.0,"{'faithfulness': 1.0, 'faithfulness_attributions': []}","{'context_columns': ['passage_1', 'passage_2', 'user_role'], 'context_relevances': [1.0, 0.6, 0.6]}",0.00023814199084881693,1.0,0.6766,['Credential.Username'],1.0,0.0,,0.3333,,,0f7a2bbe-9b9f-407f-9218-6e9af2bd0c8b,1.0,0.2859,,,,0.1702,,,0.0,,0.8,,
0.0008006995194591582,,0.8,[],0.0,76dbcbfae248cb048dba05fead5373fe-1,0.0,payload_logging,2025-01-30T14:59:17.688Z,,1.0,"{'faithfulness': 0.8, 'faithfulness_attributions': []}","{'context_columns': ['passage_1', 'passage_2', 'user_role'], 'context_relevances': [0.6, 0.6, 0.4]}",0.00037091763806529343,0.0,0.6037,['Credential.Username'],1.0,0.0,,0.0,,,0f7a2bbe-9b9f-407f-9218-6e9af2bd0c8b,1.0,0.3023,,,,0.1,,,0.0,,0.8,,
0.0008006995194591582,,0.8,[],0.0,f625ea0908fc4e4c034f22e758217d71-1,0.0,payload_logging,2025-01-30T14:59:02.943Z,,1.0,"{'faithfulness': 0.8, 'faithfulness_attributions': []}","{'context_columns': ['passage_1', 'passage_2', 'user_role'], 'context_relevances': [0.6, 0.6, 0.4]}",0.0004042379150632769,0.0,0.528,['Credential.Username'],1.0,0.0,,0.0,,,0f7a2bbe-9b9f-407f-9218-6e9af2bd0c8b,0.6,0.0055,,,,0.5979,,,0.0,,0.8,,
0.0008006995194591582,,0.2,[],0.0,6780ce36a319580e75efce1eb1852698-1,0.0,payload_logging,2025-01-30T14:55:30.077Z,,0.2,"{'faithfulness': 0.2, 'faithfulness_attributions': []}","{'context_columns': ['passage_1', 'passage_2', 'user_role'], 'context_relevances': [0.2, 0.2, 0.6]}",0.0003121185000054538,0.0,0.2269,['Credential.Username'],0.7896,0.0,,0.0,,,0f7a2bbe-9b9f-407f-9218-6e9af2bd0c8b,0.6,0.004,,,,0.7656,,,0.0,,0.8,,
0.0008006995194591582,,1.0,[],0.0,c8614ac22e7085a8307a89625ddf2bee-1,0.0,payload_logging,2025-01-30T14:51:33.803Z,,1.0,"{'faithfulness': 1.0, 'faithfulness_attributions': []}","{'context_columns': ['passage_1', 'passage_2', 'user_role'], 'context_relevances': [0.2, 0.6, 0.6]}",0.00048302349750883877,0.0,0.7976,"['Credential.Username', 'Net.EmailAddress']",0.883,0.0,,0.0,,,0f7a2bbe-9b9f-407f-9218-6e9af2bd0c8b,0.6,0.1495,,,,0.1786,,,0.0,,0.8,,
0.0008006995194591582,,0.6,[],0.0,02b66bb58db7aa8702e69587c2ce958e-1,0.0,payload_logging,2025-01-30T14:51:17.644Z,,0.6,"{'faithfulness': 0.6, 'faithfulness_attributions': []}","{'context_columns': ['passage_1', 'passage_2', 'user_role'], 'context_relevances': [0.6, 0.0, 0.2]}",0.00035509723238646984,0.0,0.4941,['Credential.Username'],0.9639,0.0,,0.0,,,0f7a2bbe-9b9f-407f-9218-6e9af2bd0c8b,0.6,0.0125,,,,0.4615,,,0.0,,0.8,,
0.0008006995194591582,,0.6,[],0.0,e8da52e1ee0c9d93744087b44bb85360-1,0.0,payload_logging,2025-01-30T14:42:59.323Z,,0.6,"{'faithfulness': 0.6, 'faithfulness_attributions': []}","{'context_columns': ['passage_1', 'passage_2', 'user_role'], 'context_relevances': [0.6, 0.6, 0.2]}",0.0013340952573344111,0.0,0.4348,['Credential.Username'],1.0,0.0,,0.0,,,0f7a2bbe-9b9f-407f-9218-6e9af2bd0c8b,0.6,0.0095,,,,0.55,,,0.0,,0.8,,
0.0008006995194591582,,0.6,[],0.0,bdb7c663b47e6e4aa7146f547bf317b7-1,0.0,payload_logging,2025-01-30T14:39:30.870Z,,0.6,"{'faithfulness': 0.6, 'faithfulness_attributions': []}","{'context_columns': ['passage_1', 'passage_2', 'user_role'], 'context_relevances': [0.0, 0.6, 0.2]}",0.0012762685073539615,0.0,0.4022,['Credential.Username'],0.6885,0.0,,0.0,,,0f7a2bbe-9b9f-407f-9218-6e9af2bd0c8b,0.6,0.0041,,,,0.7176,,,0.0,,0.8,,
0.0008006995194591582,,0.8,[],0.0,4ec292b6b7f6dfd8199743af72dbe24c-1,0.0,payload_logging,2025-01-30T14:39:11.432Z,,1.0,"{'faithfulness': 0.8, 'faithfulness_attributions': []}","{'context_columns': ['passage_1', 'passage_2', 'user_role'], 'context_relevances': [0.6, 0.6, 0.2]}",0.00026689664809964597,0.0,0.354,['Credential.Username'],1.0,0.0,,0.0,,,0f7a2bbe-9b9f-407f-9218-6e9af2bd0c8b,0.6,0.0091,,,,0.4688,,,0.0,,0.8,,
0.0008006995194591582,,0.6,[],0.0,eb0806167eaebf157ac2a4f083db50f2-1,0.0,payload_logging,2025-01-30T14:28:12.336Z,,0.6,"{'faithfulness': 0.6, 'faithfulness_attributions': []}","{'context_columns': ['passage_1', 'passage_2', 'user_role'], 'context_relevances': [0.0, 0.2, 0.4]}",0.000405797763960436,0.0,0.2029,['Credential.Username'],0.6199,0.0,,0.0,,,0f7a2bbe-9b9f-407f-9218-6e9af2bd0c8b,0.4,0.008,,,,0.7,,,0.0,,0.8,,
0.0008006995194591582,,1.0,[],0.0,cb292d94fdf987eb947d3d8683ee067f-1,0.0,payload_logging,2025-01-30T14:27:49.647Z,,1.0,"{'faithfulness': 1.0, 'faithfulness_attributions': []}","{'context_columns': ['passage_1', 'passage_2', 'user_role'], 'context_relevances': [0.6, 0.6, 0.2]}",0.00024299990036524832,0.0,0.3602,['Credential.Username'],1.0,0.0,,0.0,,,0f7a2bbe-9b9f-407f-9218-6e9af2bd0c8b,0.6,0.0515,,,,0.4426,,,0.0,,0.8,,
0.0008006995194591582,,0.8,[],1.0,8101981228442485a222a123e1196f74-1,1.0,payload_logging,2025-01-30T14:27:29.667Z,,1.0,"{'faithfulness': 0.8, 'faithfulness_attributions': []}","{'context_columns': ['passage_1', 'passage_2', 'user_role'], 'context_relevances': [1.0, 0.6, 0.2]}",0.0003853023226838559,1.0,0.6568,['Credential.Username'],1.0,0.0,,0.3333,,,0f7a2bbe-9b9f-407f-9218-6e9af2bd0c8b,1.0,0.0163,,,,0.2953,,,0.0,,0.8,,
0.0008006995194591582,,0.8,[],0.0,5e297f4b62dc5d7a663e2d054c51a954-1,0.0,payload_logging,2025-01-30T14:26:33.682Z,,1.0,"{'faithfulness': 0.8, 'faithfulness_attributions': []}","{'context_columns': ['passage_1', 'passage_2', 'user_role'], 'context_relevances': [0.2, 0.6, 0.6]}",0.0002517020038794726,0.0,0.5476,"['Credential.Username', 'Net.EmailAddress']",0.883,0.0,,0.0,,,0f7a2bbe-9b9f-407f-9218-6e9af2bd0c8b,0.6,0.111,,,,0.322,,,0.0,,0.8,,
0.0008006995194591582,,0.0,[],0.0,08d06a471bddfe11802697df894fe6d6-1,0.0,payload_logging,2025-01-30T14:26:28.170Z,,0.2,"{'faithfulness': 0.0, 'faithfulness_attributions': []}","{'context_columns': ['passage_1', 'passage_2', 'user_role'], 'context_relevances': [0.2, 0.6, 0.6]}",0.00037989395787008107,0.0,0.875,"['Credential.Username', 'Net.EmailAddress']",0.883,0.0,,0.0,,,0f7a2bbe-9b9f-407f-9218-6e9af2bd0c8b,0.6,0.2678,,,,0.0488,,,0.0,,0.8,,
0.0008006995194591582,,0.0,[],0.0,b79e1006e2ee445d67f875fb064280b4-1,0.0,payload_logging,2025-01-30T14:18:42.358Z,,0.0,"{'faithfulness': 0.0, 'faithfulness_attributions': []}","{'context_columns': ['passage_1', 'passage_2', 'user_role'], 'context_relevances': [0.2, 0.6, 0.6]}",0.01819019578397274,0.0,0.0,"['Credential.Username', 'Net.EmailAddress']",0.883,0.0,,0.0,,,d197e3e9-7e40-4168-ab43-cc17936c9912,0.6,0.0,,,,0.0,,,0.0,,0.8,,
0.0008006995194591582,,0.8,[],0.0,fa027319c61300d56f069946a6995907-1,0.0,payload_logging,2025-01-30T14:18:04.222Z,,1.0,"{'faithfulness': 0.8, 'faithfulness_attributions': []}","{'context_columns': ['passage_1', 'passage_2', 'user_role'], 'context_relevances': [0.6, 0.6, 0.2]}",0.00036570013617165387,0.0,0.3665,['Credential.Username'],1.0,0.0,,0.0,,,d197e3e9-7e40-4168-ab43-cc17936c9912,0.6,0.009,,,,0.5366,,,0.0,,0.8,,
0.0008006995194591582,,0.0,[],0.0,5e42b7942ba7a9f719f68309c8f7f642-1,0.0,payload_logging,2025-01-30T14:17:19.062Z,,0.0,"{'faithfulness': 0.0, 'faithfulness_attributions': []}","{'context_columns': ['passage_1', 'passage_2', 'user_role'], 'context_relevances': [0.2, 0.6, 0.6]}",0.01819019578397274,0.0,0.0,"['Credential.Username', 'Net.EmailAddress']",0.883,0.0,,0.0,,,d197e3e9-7e40-4168-ab43-cc17936c9912,0.6,0.0,,,,0.0,,,0.0,,0.8,,
0.0008006995194591582,,0.8,[],0.0,64ac5d38f9a04af5f404e1460e9464a1-1,0.0,payload_logging,2025-01-30T14:17:14.465Z,,1.0,"{'faithfulness': 0.8, 'faithfulness_attributions': []}","{'context_columns': ['passage_1', 'passage_2', 'user_role'], 'context_relevances': [0.6, 0.6, 0.2]}",0.0002842004469130188,0.0,0.354,['Credential.Username'],1.0,0.0,,0.0,,,d197e3e9-7e40-4168-ab43-cc17936c9912,0.6,0.0075,,,,0.5616,,,0.0,,0.8,,
0.0008006995194591582,,0.0,[],0.0,972be1c679476e6c9a7b65798a7944a4-1,0.0,payload_logging,2025-01-30T14:16:56.323Z,,0.0,"{'faithfulness': 0.0, 'faithfulness_attributions': []}","{'context_columns': ['passage_1', 'passage_2', 'user_role'], 'context_relevances': [0.2, 0.6, 0.6]}",0.01819019578397274,0.0,0.0,"['Credential.Username', 'Net.EmailAddress']",0.883,0.0,,0.0,,,d197e3e9-7e40-4168-ab43-cc17936c9912,0.6,0.0,,,,0.0,,,0.0,,0.8,,
0.0008006995194591582,,0.0,[],0.0,06f30b4952998a6a1eda9e487eb742c5-1,0.0,payload_logging,2025-01-30T14:16:33.955Z,,0.0,"{'faithfulness': 0.0, 'faithfulness_attributions': []}","{'context_columns': ['passage_1', 'passage_2', 'user_role'], 'context_relevances': [0.2, 0.6, 0.2]}",0.01819019578397274,0.0,0.0,"['Credential.Username', 'Net.EmailAddress']",0.7896,0.0,,0.0,,,d197e3e9-7e40-4168-ab43-cc17936c9912,0.6,0.0,,,,0.0,,,0.0,,0.8,,
0.0008006995194591582,,0.2,[],0.0,7f562b265086c0add953434439bdcb43-1,0.0,payload_logging,2025-01-30T14:15:15.512Z,,0.6,"{'faithfulness': 0.2, 'faithfulness_attributions': []}","{'context_columns': ['passage_1', 'passage_2', 'user_role'], 'context_relevances': [0.2, 0.2, 0.2]}",0.001026480458676815,0.0,0.464,['Credential.Username'],1.0,0.0,,0.0,,,d197e3e9-7e40-4168-ab43-cc17936c9912,0.4,0.0456,,,,0.4429,,,0.0,,0.8,,
0.0008006995194591582,,0.2,[],0.0,199e54e159f7f7eec8f1a0498ca26b99-1,0.0,payload_logging,2025-01-30T14:14:46.219Z,,0.6,"{'faithfulness': 0.2, 'faithfulness_attributions': []}","{'context_columns': ['passage_1', 'passage_2', 'user_role'], 'context_relevances': [0.2, 0.2, 0.2]}",0.0006084878696128726,0.0,0.3333,['Credential.Username'],1.0,0.0,,0.0,,,d197e3e9-7e40-4168-ab43-cc17936c9912,0.2,0.0051,,,,0.6484,,,0.0,,0.8,,
0.0008006995194591582,,0.0,[],0.0,153b4fb67a1403df1820f8e7eaf47174-1,0.0,payload_logging,2025-01-30T14:14:10.361Z,,0.0,"{'faithfulness': 0.0, 'faithfulness_attributions': []}","{'context_columns': ['passage_1', 'passage_2', 'user_role'], 'context_relevances': [0.2, 0.2, 0.6]}",0.01819019578397274,0.0,0.0,"['Credential.Username', 'Net.EmailAddress']",0.7896,0.0,,0.0,,,d197e3e9-7e40-4168-ab43-cc17936c9912,0.6,0.0,,,,0.0,,,0.0,,0.8,,
0.0008006995194591582,,0.2,[],0.0,b0776536aa6003caed98cac238cefcd4-1,0.0,payload_logging,2025-01-30T14:10:48.559Z,,0.2,"{'faithfulness': 0.2, 'faithfulness_attributions': []}","{'context_columns': ['passage_1', 'passage_2', 'user_role'], 'context_relevances': [0.0, 0.2, 0.2]}",0.00029451033333316445,0.0,0.1609,['Credential.Username'],0.8066,0.0,,0.0,,,d197e3e9-7e40-4168-ab43-cc17936c9912,0.2,0.0083,,,,0.7353,,,0.0,,0.8,,
0.0008006995194591582,,0.2,[],0.0,34a2d1bdc4ee1beea4c9335fa134ca44-1,0.0,payload_logging,2025-01-30T14:10:10.046Z,,0.2,"{'faithfulness': 0.2, 'faithfulness_attributions': []}","{'context_columns': ['passage_1', 'passage_2', 'user_role'], 'context_relevances': [0.0, 0.2, 0.2]}",0.0004464836383704096,0.0,0.1609,['Credential.Username'],0.8066,0.0,,0.0,,,d197e3e9-7e40-4168-ab43-cc17936c9912,0.2,0.009,,,,0.6774,,,0.0,,0.8,,
0.0008006995194591582,,0.2,[],0.0,7367daddb2290968d7fa9b0cd4ea8593-1,0.0,payload_logging,2025-01-30T14:10:01.193Z,,0.6,"{'faithfulness': 0.2, 'faithfulness_attributions': []}","{'context_columns': ['passage_1', 'passage_2', 'user_role'], 'context_relevances': [0.2, 0.2, 0.4]}",0.00032616639509797096,0.0,0.2098,['Credential.Username'],0.8612,0.0,,0.0,,,d197e3e9-7e40-4168-ab43-cc17936c9912,0.4,0.0046,,,,0.7679,,,0.0,,0.8,,
0.0008006995194591582,,0.2,[],0.0,82faf7c4d6a613f57217269f28fb54fa-1,0.0,payload_logging,2025-01-30T14:09:25.058Z,,0.2,"{'faithfulness': 0.2, 'faithfulness_attributions': []}","{'context_columns': ['passage_1', 'passage_2', 'user_role'], 'context_relevances': [0.0, 0.2, 0.2]}",0.00036011525662615895,0.0,0.1839,['Credential.Username'],0.8066,0.0,,0.0,,,d197e3e9-7e40-4168-ab43-cc17936c9912,0.2,0.0104,,,,0.75,,,0.0,,0.8,,
0.0008006995194591582,,0.8,[],0.0,e690a73c81d86cd894ef2ab601146701-1,0.0,payload_logging,2025-01-30T13:58:08.039Z,,0.8,"{'faithfulness': 0.8, 'faithfulness_attributions': []}","{'context_columns': ['passage_1', 'passage_2', 'user_role'], 'context_relevances': [0.6, 0.0, 0.2]}",0.0003599244519136846,0.0,0.4118,['Credential.Username'],0.9639,0.0,,0.0,,,d197e3e9-7e40-4168-ab43-cc17936c9912,0.6,0.0185,,,,0.439,,,0.0,,0.8,,
0.0008006995194591582,,0.4,[],0.0,b445cc4496c2ad77bc831bf426142716-1,0.0,payload_logging,2025-01-30T13:54:35.599Z,,1.0,"{'faithfulness': 0.4, 'faithfulness_attributions': []}","{'context_columns': ['passage_1', 'passage_2', 'user_role'], 'context_relevances': [0.6, 0.6, 0.2]}",0.0004807768273167312,0.0,0.323,['Credential.Username'],1.0,0.0,,0.0,,,d197e3e9-7e40-4168-ab43-cc17936c9912,0.6,0.011,,,,0.566,,,0.0,,0.8,,
0.0008006995194591582,,0.0,[],0.0,f1eb3c4e98988f8921af68aec6a26867-1,0.0,payload_logging,2025-01-30T13:52:48.537Z,,0.4,"{'faithfulness': 0.0, 'faithfulness_attributions': []}","{'context_columns': ['passage_1', 'passage_2', 'user_role'], 'context_relevances': [0.6, 0.4, 0.2]}",0.0016070533310994506,0.0,0.5055,['Credential.Username'],1.0,0.0,,0.0,,,d197e3e9-7e40-4168-ab43-cc17936c9912,0.6,0.0156,,,,0.5294,,,0.0,,0.8,,
0.0008006995194591582,,0.2,[],0.0,dc3efbf3878fd4cad07f43437d83f75d-1,0.0,payload_logging,2025-01-30T13:51:59.434Z,,1.0,"{'faithfulness': 0.2, 'faithfulness_attributions': []}","{'context_columns': ['passage_1', 'passage_2', 'user_role'], 'context_relevances': [0.6, 0.6, 0.2]}",0.0006051876698620617,0.0,0.2547,['Credential.Username'],1.0,0.0,,0.0,,,d197e3e9-7e40-4168-ab43-cc17936c9912,0.6,0.0054,,,,0.6389,,,0.0,,0.8,,
0.0008006995194591582,,0.2,[],0.0,fb2189978662c6a2e69ada7c60b47558-1,0.0,payload_logging,2025-01-30T04:35:30.819Z,,0.4,"{'faithfulness': 0.2, 'faithfulness_attributions': []}","{'context_columns': ['passage_1', 'passage_2', 'user_role'], 'context_relevances': [0.2, 0.6, 0.2]}",0.0016070533310994506,0.0,0.4072,['Credential.Username'],0.7896,0.0,,0.0,,,6fef5cd5-c114-489d-bf3f-ceb664600ec7,0.6,0.0057,,,,0.6235,,,0.0,,0.8,,
0.0008006995194591582,,0.4,[],0.0,5f0a5c4ba951dfbf3866409cf4942ab6-1,0.0,payload_logging,2025-01-30T04:35:13.839Z,,0.4,"{'faithfulness': 0.4, 'faithfulness_attributions': []}","{'context_columns': ['passage_1', 'passage_2', 'user_role'], 'context_relevances': [0.6, 0.0, 0.6]}",0.00031509698601439595,0.0,0.4286,['Credential.Username'],0.8066,0.0,,0.0,,,6fef5cd5-c114-489d-bf3f-ceb664600ec7,0.6,0.0135,,,,0.4,,,0.0,,0.8,,
0.0008006995194591582,,0.6,[],0.0,c854f9c74eef2a1047fce5057528de29-1,0.0,payload_logging,2025-01-30T04:34:21.810Z,,0.6,"{'faithfulness': 0.6, 'faithfulness_attributions': []}","{'context_columns': ['passage_1', 'passage_2', 'user_role'], 'context_relevances': [0.6, 0.0, 0.2]}",0.00035509723238646984,0.0,0.4941,['Credential.Username'],0.9639,0.0,,0.0,,,6fef5cd5-c114-489d-bf3f-ceb664600ec7,0.6,0.0125,,,,0.4615,,,0.0,,0.8,,
0.0008006995194591582,,0.2,[],0.0,59962cd78c90eb7372138da931f104f7-1,0.0,payload_logging,2025-01-30T04:34:04.278Z,,0.6,"{'faithfulness': 0.2, 'faithfulness_attributions': []}","{'context_columns': ['passage_1', 'passage_2', 'user_role'], 'context_relevances': [0.2, 0.6, 0.2]}",0.0014234259724617004,0.0,0.4072,['Credential.Username'],0.7896,0.0,,0.0,,,6fef5cd5-c114-489d-bf3f-ceb664600ec7,0.6,0.0058,,,,0.6235,,,0.0,,0.8,,
0.0008006995194591582,,0.6,[],0.0,0baeff492d6916f53632e7f4d81dd932-1,0.0,payload_logging,2025-01-30T04:33:12.747Z,,1.0,"{'faithfulness': 0.6, 'faithfulness_attributions': []}","{'context_columns': ['passage_1', 'passage_2', 'user_role'], 'context_relevances': [0.6, 0.4, 0.6]}",0.0004435578593984246,0.0,0.2609,['Credential.Username'],0.9465,0.0,,0.0,,,6fef5cd5-c114-489d-bf3f-ceb664600ec7,0.6,0.0177,,,,0.55,,,0.0,,0.8,,
0.0008006995194591582,,0.0,[],0.0,3799caa0b3d7a1e105e90b7c0711f54c-1,0.0,payload_logging,2025-01-30T04:27:27.142Z,,0.4,"{'faithfulness': 0.0, 'faithfulness_attributions': []}","{'context_columns': ['passage_1', 'passage_2', 'user_role'], 'context_relevances': [0.6, 0.6, 0.2]}",0.0016070533310994506,0.0,0.5055,['Credential.Username'],1.0,0.0,,0.0,,,6fef5cd5-c114-489d-bf3f-ceb664600ec7,0.6,0.0156,,,,0.5294,,,0.0,,0.8,,
0.0008006995194591582,,0.2,[],0.0,c484e2f8a2505433f7f46a1e53336889-1,0.0,payload_logging,2025-01-30T04:23:15.187Z,,1.0,"{'faithfulness': 0.2, 'faithfulness_attributions': []}","{'context_columns': ['passage_1', 'passage_2', 'user_role'], 'context_relevances': [0.6, 0.6, 0.2]}",0.00041087946738116443,0.0,0.2422,['Credential.Username'],1.0,0.0,,0.0,,,6fef5cd5-c114-489d-bf3f-ceb664600ec7,0.6,0.0118,,,,0.5333,,,0.0,,0.8,,
