{"metadata":{"asset_id":"47e6de6f-26eb-4040-b08e-f2d86ee4ea93","asset_attributes":["data_asset","location_definition"],"name":"RAGNova_Raw_Payload_Dump_02_03_2025.csv","asset_type":"data_asset","created_at":"2025-02-03T14:06:10Z","origin_country":"us","owner_id":"26c580f2-3668-4a8d-9d80-dc7518879728","project_id":"42a1ca34-a696-484d-bde9-d6a2b117a7df","size":95525,"usage":{"last_update_time":1738591570996,"last_updated_at":"2025-02-03T14:06:10Z"}},"entity":{"data_asset":{"mime_type":"text/csv","dataset":false},"location_definition":{"physical_location_code":"DAL","physical_location_code_assigned_by":"26c580f2-3668-4a8d-9d80-dc7518879728","physical_location_code_rds_id":"c57cb90f-2126-3800-9c9f-9eab82021cdf","physical_location_code_rds_version":"00002025-0109-4105-8024-055378000000_4","physical_location_code_assignment_method":"INFERRED","physical_location_code_added_on":"1738591570993"}},"attachments":[{"id":"a0b217f3-e0b9-4f97-8e0b-62b5b3da7d01","version":2,"asset_type":"data_asset","name":"RAGNova_Raw_Payload_Dump_02_03_2025.csv","mime":"text/csv","datasource_type":"193a97c1-4475-4a19-b90c-295c4fdc6517","object_key":"RAGNova_Raw_Payload_Dump_02_03_2025.csv","creator_id":"26c580f2-3668-4a8d-9d80-dc7518879728","create_time":1738591570994,"size":95525,"is_remote":false,"is_managed":false,"is_referenced":true,"is_object_key_read_only":true,"is_user_provided_path_key":true,"transfer_complete":true,"is_partitioned":false,"complete_time_ticks":1738591570994,"user_data":{},"test_doc":0,"handle":{"bucket":"ragnovademo-donotdelete-pr-kcwgrloujmafvh","location":"us-south","type":"bluemix_cos","key":"RAGNova_Raw_Payload_Dump_02_03_2025.csv","upload_id":"done","max_part_num":1},"usage":{"access_count":0,"last_accessor_id":"26c580f2-3668-4a8d-9d80-dc7518879728","last_access_time":1738591570994}}]}
