{"metadata":{"asset_id":"226776bf-9354-4488-b691-284705a71c78","asset_attributes":["data_asset","directory_asset","location_definition"],"name":"MINT_Travel_and_Expenses.pdf","asset_type":"data_asset","created_at":"2025-01-15T14:32:14Z","origin_country":"us","owner_id":"IBMid-550001077G","project_id":"42a1ca34-a696-484d-bde9-d6a2b117a7df","size":403827,"usage":{"last_update_time":1736951535070,"last_updated_at":"2025-01-15T14:32:15Z"}},"entity":{"data_asset":{"mime_type":"application/pdf","dataset":false},"directory_asset":{"path":""},"location_definition":{"physical_location_code":"DAL","physical_location_code_assigned_by":"iam-ServiceId-f49c5558-c247-4983-a04f-7d3c7a3d55da","physical_location_code_rds_id":"c57cb90f-2126-3800-9c9f-9eab82021cdf","physical_location_code_rds_version":"00002025-0109-4105-8024-055378000000_4","physical_location_code_assignment_method":"INFERRED","physical_location_code_added_on":"1736951534989"}},"attachments":[{"id":"387ae83a-4f5d-41a0-be3e-4e20462170f2","version":2,"asset_type":"data_asset","name":"MINT_Travel_and_Expenses.pdf","mime":"application/pdf","datasource_type":"193a97c1-4475-4a19-b90c-295c4fdc6517","object_key":"MINT_Travel_and_Expenses.pdf","creator_id":"iam-ServiceId-f49c5558-c247-4983-a04f-7d3c7a3d55da","create_time":1736951534992,"size":403827,"is_remote":false,"is_managed":false,"is_referenced":true,"is_object_key_read_only":true,"is_user_provided_path_key":true,"transfer_complete":true,"is_partitioned":false,"complete_time_ticks":1736951534992,"user_data":{},"test_doc":0,"handle":{"bucket":"ragnovademo-donotdelete-pr-kcwgrloujmafvh","location":"us-south","type":"bluemix_cos","key":"MINT_Travel_and_Expenses.pdf","upload_id":"done","max_part_num":1},"usage":{"access_count":0,"last_accessor_id":"iam-ServiceId-f49c5558-c247-4983-a04f-7d3c7a3d55da","last_access_time":1736951534992}}]}
