{"metadata":{"asset_id":"13edf196-07aa-4fa3-a675-dd1355c11824","asset_attributes":["data_asset","location_definition"],"name":"feedback_data_baseline_12_12_2024.csv","asset_type":"data_asset","created_at":"2025-01-15T14:32:14Z","origin_country":"us","owner_id":"IBMid-550001077G","project_id":"42a1ca34-a696-484d-bde9-d6a2b117a7df","size":317017,"usage":{"last_update_time":1736951535099,"last_updated_at":"2025-01-15T14:32:15Z"}},"entity":{"data_asset":{"mime_type":"text/csv","dataset":false},"location_definition":{"physical_location_code":"DAL","physical_location_code_assigned_by":"iam-ServiceId-f49c5558-c247-4983-a04f-7d3c7a3d55da","physical_location_code_rds_id":"c57cb90f-2126-3800-9c9f-9eab82021cdf","physical_location_code_rds_version":"00002025-0109-4105-8024-055378000000_4","physical_location_code_assignment_method":"INFERRED","physical_location_code_added_on":"1736951534863"}},"attachments":[{"id":"dd00662a-5bce-4f31-bfac-69a59c1e0885","version":2,"asset_type":"data_asset","name":"feedback_data_baseline_12_12_2024.csv","mime":"text/csv","datasource_type":"193a97c1-4475-4a19-b90c-295c4fdc6517","object_key":"feedback_data_baseline_12_12_2024.csv","creator_id":"iam-ServiceId-f49c5558-c247-4983-a04f-7d3c7a3d55da","create_time":1736951534866,"size":317017,"is_remote":false,"is_managed":false,"is_referenced":true,"is_object_key_read_only":true,"is_user_provided_path_key":true,"transfer_complete":true,"is_partitioned":false,"complete_time_ticks":1736951534866,"user_data":{},"test_doc":0,"handle":{"bucket":"ragnovademo-donotdelete-pr-kcwgrloujmafvh","location":"us-south","type":"bluemix_cos","key":"feedback_data_baseline_12_12_2024.csv","upload_id":"done","max_part_num":1},"usage":{"access_count":0,"last_accessor_id":"iam-ServiceId-f49c5558-c247-4983-a04f-7d3c7a3d55da","last_access_time":1736951534866}}]}
